1639234000,1.0,2,1639233991,1,banhu
1639234021,2.0,1,1639234011,2,banhnam
1655863500,10000.0,10,1655863484,1655861170,Che Sua Dau Do
1655863791,10000.0,10,1655863784,1655861151,Che Xoai
1655863791,10000.0,10,1655863784,1655861151,Che Xoai
1655863797,10000.0,7,1655863797,1655861120,Sua Chua Tran Chau
1655887437,10000.0,1,1655887405,1655860748,Su Kem
1655889400,10000.0,10,1655889392,1655861151,Che Xoai
1655889646,10000.0,1,1655889626,1655861170,Che Sua Dau Do
1655889730,10000.0,1,1655889720,1655861170,Che Sua Dau Do
